mean_most_holiday_0,mean_most_holiday_1
4398.866666666667,3973.6666666666665
