weekday_1_5,weekday_6_0
4550.5662188099805,4389.685714285714
